<Settings>
  <Sitecore>
    <Publishing>
      <Services>
        <!--
          Defines the tasks and triggers that are registered with the tasks scheduler.
          When a trigger is fired the tasks is requested to run.  The scheduler will run the tasks when it is ready
        -->
        <Scheduler>
          <Options>
            <Tasks>
              <!--
                The PublishTask processes the next queued item in the publish queue
              -->
              <Publish>
                <TaskDefinition Type="Sitecore.Framework.Publishing.Tasks.PublishTask, Sitecore.Framework.Publishing" BindOptions="property" />
                <TriggerDefinitions>
                  <!-- 
                    The interval trigger is used to query for queued tasks in the event one is queued while a publish is already running.
                    The trigger fires immediately on starting.
                  -->
                  <Interval Type="Sitecore.Framework.Scheduling.Triggers.IntervalTriggerDefinition, Sitecore.Framework.Scheduling" BindOptions="property">
                    <Options Interval="00:00:10" />
                  </Interval>
                  <!--
                    The persisted trigger is bound to the PublishJobPersistedEvent, being fired when a new job is persisted.
                    This enables jobs to be raised immediately if no other job is being processed.
                  -->
                  <Persisted Type="Sitecore.Framework.Publishing.Tasks.PublishJobPersistedEventTriggerDefinition, Sitecore.Framework.Publishing" BindOptions="property" />
                </TriggerDefinitions>
              </Publish>
              <!--
                The PublishJobCleanUpTask removes any publishing jobs that are over a certain age.
                It also removes the jobs associated manifests and manifest results. 
              -->
              <PublishJobCleanUp>
                <TaskDefinition Type="Sitecore.Framework.Publishing.Tasks.PublishJobCleanupTask, Sitecore.Framework.Publishing" BindOptions="property">
                  <Options>
                    <!-- 
                        Maximum age of the job to check. Any publishing jobs older than this will be removed by this task.
                        Job Age is parsed as a Timestamp. (dd.hh:mm:ss)
                    -->
                    <JobAge>7.00:00:00</JobAge>
                    <!-- The batch size that the publishing jobs are loaded into the task.  -->
                    <BatchSize>50</BatchSize>
                  </Options>
                </TaskDefinition>
                <TriggerDefinitions>
                  <!--
                    The interval trigger determines how often the task is executed.
                    The interval is parsed as a TimeStamp. (dd.hh:mm:ss)
                  -->
                  <Interval Type="Sitecore.Framework.Scheduling.Triggers.IntervalTriggerDefinition, Sitecore.Framework.Scheduling" BindOptions="property">
                    <Options Interval="12:00:00" />
                  </Interval>
                </TriggerDefinitions>
              </PublishJobCleanUp>

              <!--
                The PublishOperationCleanUpTask removes any publishing operations that have been processed and are no longerd required.
              -->
              <PublishOperationCleanUp>
                <TaskDefinition Type="Sitecore.Framework.Publishing.Tasks.PublishOperationCleanupTask, Sitecore.Framework.Publishing" BindOptions="property" />
                <TriggerDefinitions>
                  <!--
                    The interval trigger determines how often the task is executed.
                    The interval is parsed as a TimeStamp. (dd.hh:mm:ss)
                  -->
                  <Interval Type="Sitecore.Framework.Scheduling.Triggers.IntervalTriggerDefinition, Sitecore.Framework.Scheduling" BindOptions="property">
                    <Options Interval="1.00:00:00" />
                  </Interval>
                </TriggerDefinitions>
              </PublishOperationCleanUp>
            </Tasks>
          </Options>
        </Scheduler>
      </Services>
    </Publishing>
  </Sitecore>
</Settings>