﻿<Settings>
  <Sitecore>
    <Publishing>
      <Services>
        
        <!--
          The SchemaInstaller is ran during startup to insert/update schemas for each connection defined in the ConnectionFactory
        -->
        <SchemaInstaller>
          <Options>
            
            <!--
              The DeploymentMap defines which schemas are loaded into which connection
            -->
            <DeploymentMap>
              <Custom>
                <Links>
                  <Common>Common</Common>
                  <Data-Common>Data-Common</Data-Common>
                  <Data-Links>Data-Links</Data-Links>
                </Links>
              </Custom>
              <Service>
                <Common>Common</Common>
                <Service>Service</Service>
              </Service>
              <Source>
                <Common>Common</Common>
                <Data-Common>Data-Common</Data-Common>
                <Data-Source>Data-Source</Data-Source>
              </Source>
              <Target>
                <Common>Common</Common>
                <Data-Common>Data-Common</Data-Common>
                <Data-Target>Data-Target</Data-Target>
              </Target>
            </DeploymentMap>
            
            <!-- 
              The schemas bind names from the DeploymentMap to a Type/Assembly containing sql schemas to be loaded
            -->
            <Schemas>
              <Common>Sitecore.Framework.Publishing.Common.Sql.Schema, Sitecore.Framework.Publishing.Common.Sql.Schema</Common>
              <Data-Common>Sitecore.Framework.Publishing.Data.Common.Sql.Schema, Sitecore.Framework.Publishing.Data.Common.Sql.Schema</Data-Common>
              <Data-Links>Sitecore.Framework.Publishing.Data.Links.Sql.Schema, Sitecore.Framework.Publishing.Data.Links.Sql.Schema</Data-Links>
              <Data-Source>Sitecore.Framework.Publishing.Data.Source.Sql.Schema, Sitecore.Framework.Publishing.Data.Source.Sql.Schema</Data-Source>
              <Data-Target>Sitecore.Framework.Publishing.Data.Target.Sql.Schema, Sitecore.Framework.Publishing.Data.Target.Sql.Schema</Data-Target>
              <Service>Sitecore.Framework.Publishing.Service.Sql.Schema, Sitecore.Framework.Publishing.Service.Sql.Schema</Service>
            </Schemas>
          </Options>
        </SchemaInstaller>
    </Services>
    </Publishing>
  </Sitecore>
</Settings>