<Settings>
  <!--
    Provides default configuration for component services for the Publishing Service application    
        
    NOTE:
      When registering a type you can configure the following values:
        Type      (Required): The full type reference of the instance being registered
        As        (Optional): The type the instance may be resolved as (defaults to Type if not provided)
        LifeTime  (Optional): The lifetime of instance.  Can be Singleton or Transient. (defaults to Singleton)
        Options   (Optional): If the type contains a constuctor that recieves IConfiguration, you can proivide
                              addtional values here to match the resulting type of options for that type.
  -->
  <Sitecore>
    <Publishing>
      <Services>
        <!--
          PROVIDERS
          
          Providers act upon a given data connection to execute queries in a domain specific implementation.
          E.g. a provider may recieve a data connection and use that connection to execute SQL queries against it.          
        -->
        <ClassicEventQueueProvider>
          <Type>Sitecore.Framework.Publishing.Data.Classic.SqlServer.ClassicSqlServerEventQueueProvider, Sitecore.Framework.Publishing.Data.Classic</Type>
          <As>Sitecore.Framework.Publishing.Data.Classic.IClassicEventQueueProvider`1[[Sitecore.Framework.Publishing.Data.AdoNet.IDatabaseConnection, Sitecore.Framework.Publishing.Service.Abstractions]], Sitecore.Framework.Publishing.Data.Classic</As>
        </ClassicEventQueueProvider>
        <ClassicEventTypeMapper>
          <Type>Sitecore.Framework.Publishing.Data.Classic.Repositories.DefaultEventTypeMapper, Sitecore.Framework.Publishing.Data.Classic</Type>
          <As>Sitecore.Framework.Publishing.ClassicEventQueue.IEventTypeMapper, Sitecore.Framework.Publishing.Service.Abstractions</As>
        </ClassicEventTypeMapper>
        <ClassicIndexableItemDataProvider>
          <Type>Sitecore.Framework.Publishing.Data.Classic.SqlServer.ClassicSqlServerIndexableItemDataProvider, Sitecore.Framework.Publishing.Data.Classic</Type>
          <As>Sitecore.Framework.Publishing.Data.Classic.IClassicIndexableItemDataProvider`1[[Sitecore.Framework.Publishing.Data.AdoNet.IDatabaseConnection, Sitecore.Framework.Publishing.Service.Abstractions]], Sitecore.Framework.Publishing.Data.Classic</As>
        </ClassicIndexableItemDataProvider>
        <ClassicItemDataProvider>
          <Type>Sitecore.Framework.Publishing.Data.Classic.SqlServer.ClassicSqlServerDataProvider, Sitecore.Framework.Publishing.Data.Classic</Type>
          <As>Sitecore.Framework.Publishing.Data.Classic.IClassicItemDataProvider`1[[Sitecore.Framework.Publishing.Data.AdoNet.IDatabaseConnection, Sitecore.Framework.Publishing.Service.Abstractions]], Sitecore.Framework.Publishing.Data.Classic</As>
        </ClassicItemDataProvider>
        <ClassicMediaProvider>
          <Type>Sitecore.Framework.Publishing.Data.Classic.SqlServer.ClassicSqlServerMediaProvider, Sitecore.Framework.Publishing.Data.Classic</Type>
          <As>Sitecore.Framework.Publishing.Data.Classic.IClassicMediaProvider`1[[Sitecore.Framework.Publishing.Data.AdoNet.IDatabaseConnection, Sitecore.Framework.Publishing.Service.Abstractions]], Sitecore.Framework.Publishing.Data.Classic</As>
        </ClassicMediaProvider>
        <ManifestProvider>
          <Type>Sitecore.Framework.Publishing.Service.Sql.Manifest.ManifestProvider, Sitecore.Framework.Publishing.Service.Sql</Type>
          <As>Sitecore.Framework.Publishing.Manifest.IManifestProvider`1[[Sitecore.Framework.Publishing.Data.AdoNet.IDatabaseConnection, Sitecore.Framework.Publishing.Service.Abstractions]], Sitecore.Framework.Publishing.Service.Abstractions</As>
        </ManifestProvider>
        <PublisherOperationProvider>
          <Type>Sitecore.Framework.Publishing.Service.Sql.PublisherOperations.PublisherOperationProvider, Sitecore.Framework.Publishing.Service.Sql</Type>
          <As>Sitecore.Framework.Publishing.PublisherOperations.IPublisherOperationProvider`1[[Sitecore.Framework.Publishing.Data.AdoNet.IDatabaseConnection, Sitecore.Framework.Publishing.Service.Abstractions]], Sitecore.Framework.Publishing.Service.Abstractions</As>
        </PublisherOperationProvider>
        <PublishJobQueueProvider>
          <Type>Sitecore.Framework.Publishing.Service.Sql.PublishJobQueue.PublishJobQueueProvider, Sitecore.Framework.Publishing.Service.Sql</Type>
          <As>Sitecore.Framework.Publishing.PublishJobQueue.IPublishJobQueueProvider`1[[Sitecore.Framework.Publishing.Data.AdoNet.IDatabaseConnection, Sitecore.Framework.Publishing.Service.Abstractions]], Sitecore.Framework.Publishing.Service.Abstractions</As>
        </PublishJobQueueProvider>
        <TargetSyncStateProvider>
          <Type>Sitecore.Framework.Publishing.Service.Sql.TargetSyncState.TargetSyncStateProvider, Sitecore.Framework.Publishing.Service.Sql</Type>
          <As>Sitecore.Framework.Publishing.TargetSyncState.ITargetSyncStateProvider`1[[Sitecore.Framework.Publishing.Data.AdoNet.IDatabaseConnection, Sitecore.Framework.Publishing.Service.Abstractions]], Sitecore.Framework.Publishing.Service.Abstractions</As>
        </TargetSyncStateProvider>
        <TestableContentProvider>
          <Type>Sitecore.Framework.Publishing.Data.Classic.SqlServer.ClassicTestableContentProvider, Sitecore.Framework.Publishing.Data.Classic</Type>
          <As>Sitecore.Framework.Publishing.Data.ITestableContentProvider`1[[Sitecore.Framework.Publishing.Data.AdoNet.IDatabaseConnection, Sitecore.Framework.Publishing.Service.Abstractions]], Sitecore.Framework.Publishing.Data.Classic</As>
        </TestableContentProvider>
        <WorkflowStateProvider>
          <Type>Sitecore.Framework.Publishing.Data.Classic.SqlServer.WorkflowStateProvider, Sitecore.Framework.Publishing.Data.Classic</Type>
          <As>Sitecore.Framework.Publishing.Data.IWorkflowStateProvider`1[[Sitecore.Framework.Publishing.Data.AdoNet.IDatabaseConnection, Sitecore.Framework.Publishing.Service.Abstractions]], Sitecore.Framework.Publishing.Data.Classic</As>
        </WorkflowStateProvider>
        <ActivationLockProvider>
          <Type>Sitecore.Framework.Publishing.Service.Sql.InstanceActivation.ActivationLockProvider, Sitecore.Framework.Publishing.Service.Sql</Type>
          <As>Sitecore.Framework.Publishing.InstanceActivation.IActivationLockProvider`1[[Sitecore.Framework.Publishing.Data.AdoNet.IDatabaseConnection, Sitecore.Framework.Publishing.Service.Abstractions]], Sitecore.Framework.Publishing.Service.Abstractions</As>
        </ActivationLockProvider>

        <!--
          REPOSITORY BUILDERS          
          
          Repository Builders map an implementation of a repository to a specific data connection implementation.          
          Multiple builders can be registered for different data connections.        
        -->
        <ClassicEventQueueRepositoryBuilder>
          <Type>Sitecore.Framework.Publishing.Data.Classic.ClassicEventQueueRepositoryBuilder, Sitecore.Framework.Publishing.Data.Classic</Type>
          <As>Sitecore.Framework.Publishing.Repository.IRepositoryBuilder`1[[Sitecore.Framework.Publishing.ClassicEventQueue.IClassicEventQueueRepository, Sitecore.Framework.Publishing.Service.Abstractions]], Sitecore.Framework.Publishing.Service.Abstractions</As>
        </ClassicEventQueueRepositoryBuilder>
        <DatabaseIndexableItemRepositoryBuilder>
          <!--Target Store-->
          <Type>Sitecore.Framework.Publishing.Data.Classic.DatabaseIndexableItemRepositoryBuilder, Sitecore.Framework.Publishing.Data.Classic</Type>
          <As>Sitecore.Framework.Publishing.Repository.IRepositoryBuilder`1[[Sitecore.Framework.Publishing.ItemIndex.IIndexableItemRepository, Sitecore.Framework.Publishing.Service.Abstractions]], Sitecore.Framework.Publishing.Service.Abstractions</As>
        </DatabaseIndexableItemRepositoryBuilder>
        <DatabaseItemRelationshipRepositoryBuilder>
          <!--ItemsRelationship Store-->
          <Type>Sitecore.Framework.Publishing.Data.Classic.DatabaseItemRelationshipRepositoryBuilder, Sitecore.Framework.Publishing.Data.Classic</Type>
          <As>Sitecore.Framework.Publishing.Repository.IRepositoryBuilder`1[[Sitecore.Framework.Publishing.Item.IItemRelationshipRepository, Sitecore.Framework.Publishing.Service.Abstractions]], Sitecore.Framework.Publishing.Service.Abstractions</As>
        </DatabaseItemRelationshipRepositoryBuilder>
        <DatabaseItemReadRepositoryBuilder>
          <!--Source Store-->
          <Type>Sitecore.Framework.Publishing.Data.Classic.DatabaseItemReadRepositoryBuilder, Sitecore.Framework.Publishing.Data.Classic</Type>
          <As>Sitecore.Framework.Publishing.Repository.IRepositoryBuilder`1[[Sitecore.Framework.Publishing.Item.IIndexableItemReadRepository, Sitecore.Framework.Publishing.Service.Abstractions]], Sitecore.Framework.Publishing.Service.Abstractions</As>
        </DatabaseItemReadRepositoryBuilder>
        <DatabaseItemWriteRepositoryBuilder>
          <!--Target Store-->
          <Type>Sitecore.Framework.Publishing.Data.Classic.DatabaseItemWriteRepositoryBuilder, Sitecore.Framework.Publishing.Data.Classic</Type>
          <As>Sitecore.Framework.Publishing.Repository.IRepositoryBuilder`1[[Sitecore.Framework.Publishing.Item.IItemWriteRepository, Sitecore.Framework.Publishing.Service.Abstractions]], Sitecore.Framework.Publishing.Service.Abstractions</As>
        </DatabaseItemWriteRepositoryBuilder>
        <DatabaseManifestRepositoryBuilder>
          <!--Service Store-->
          <Type>Sitecore.Framework.Publishing.Manifest.DatabaseManifestRepositoryBuilder, Sitecore.Framework.Publishing</Type>
          <As>Sitecore.Framework.Publishing.Repository.IRepositoryBuilder`1[[Sitecore.Framework.Publishing.Manifest.IManifestRepository, Sitecore.Framework.Publishing.Service.Abstractions]], Sitecore.Framework.Publishing.Service.Abstractions</As>
        </DatabaseManifestRepositoryBuilder>
        <DatabasePublisherOperationRepositoryBuilder>
          <!--Service Store-->
          <Type>Sitecore.Framework.Publishing.PublisherOperations.DatabasePublisherOperationRepositoryBuilder, Sitecore.Framework.Publishing</Type>
          <As>Sitecore.Framework.Publishing.Repository.IRepositoryBuilder`1[[Sitecore.Framework.Publishing.PublisherOperations.IPublisherOperationRepository, Sitecore.Framework.Publishing.Service.Abstractions]], Sitecore.Framework.Publishing.Service.Abstractions</As>
        </DatabasePublisherOperationRepositoryBuilder>
        <DatabasePublishJobQueueRepositoryBuilder>
          <!-- Service Store-->
          <Type>Sitecore.Framework.Publishing.PublishJobQueue.DatabasePublishJobQueueRepositoryBuilder, Sitecore.Framework.Publishing</Type>
          <As>Sitecore.Framework.Publishing.Repository.IRepositoryBuilder`1[[Sitecore.Framework.Publishing.PublishJobQueue.IPublishJobQueueRepository, Sitecore.Framework.Publishing.Service.Abstractions]], Sitecore.Framework.Publishing.Service.Abstractions</As>
        </DatabasePublishJobQueueRepositoryBuilder>
        <DatabaseTestableContentRepositoryBuilder>
          <!--Source Store-->
          <Type>Sitecore.Framework.Publishing.Data.Classic.DatabaseTestableContentRepositoryBuilder, Sitecore.Framework.Publishing.Data.Classic</Type>
          <As>Sitecore.Framework.Publishing.Repository.IRepositoryBuilder`1[[Sitecore.Framework.Publishing.ContentTesting.ITestableContentRepository, Sitecore.Framework.Publishing.Service.Abstractions]], Sitecore.Framework.Publishing.Service.Abstractions</As>
        </DatabaseTestableContentRepositoryBuilder>
        <DatabaseWorkflowStateRepositoryBuilder>
          <!--Source Store-->
          <Type>Sitecore.Framework.Publishing.Data.Classic.DatabaseWorkflowStateRepositoryBuilder, Sitecore.Framework.Publishing.Data.Classic</Type>
          <As>Sitecore.Framework.Publishing.Repository.IRepositoryBuilder`1[[Sitecore.Framework.Publishing.Workflow.IWorkflowStateRepository, Sitecore.Framework.Publishing.Service.Abstractions]], Sitecore.Framework.Publishing.Service.Abstractions</As>
        </DatabaseWorkflowStateRepositoryBuilder>
        <MediaRepositoryBuilder>
          <!--Source and Target Stores-->
          <Type>Sitecore.Framework.Publishing.Data.Classic.ClassicMediaRepositoryBuilder, Sitecore.Framework.Publishing.Data.Classic</Type>
          <As>Sitecore.Framework.Publishing.Repository.IRepositoryBuilder`1[[Sitecore.Framework.Publishing.Item.IMediaRepository, Sitecore.Framework.Publishing.Service.Abstractions]], Sitecore.Framework.Publishing.Service.Abstractions</As>
        </MediaRepositoryBuilder>

        <!-- REPOSITORIES-->
        <MaintenanceTaskRepository>
          <!--Serice Store???-->
          <Type>Sitecore.Framework.Publishing.Maintenance.MaintenanceTaskRepository, Sitecore.Framework.Publishing</Type>
          <As>Sitecore.Framework.Publishing.Maintenance.IMaintenanceTaskRepository, Sitecore.Framework.Publishing.Service.Abstractions</As>
        </MaintenanceTaskRepository>

        <!--
          HANDLERS
          
          Handlers parse the publish job options to determine how to handle the publish process.
          Multiple handlers can be registered to cater for different publish scenarios
        -->
        <!--Legacy Incremental Publish Handler
                To revert back to the legacy implementation. Replace the TreeChangesPublishHandler
                with the IncrementalPublishHandler registration-->

        <!--<IncrementalPublishHandler>
                    <Type>Sitecore.Framework.Publishing.PublishJobQueue.Handlers.IncrementalPublishHandler, Sitecore.Framework.Publishing</Type>
                    <As>Sitecore.Framework.Publishing.PublishJobQueue.IPublishJobHandler, Sitecore.Framework.Publishing.Service.Abstractions</As>
                </IncrementalPublishHandler>-->

        <TreeChangesPublishHandler>
          <Type>Sitecore.Framework.Publishing.PublishJobQueue.Handlers.TreeChangesPublishHandler, Sitecore.Framework.Publishing</Type>
          <As>Sitecore.Framework.Publishing.PublishJobQueue.IPublishJobHandler, Sitecore.Framework.Publishing.Service.Abstractions</As>
        </TreeChangesPublishHandler>
        <TreePublishHandler>
          <Type>Sitecore.Framework.Publishing.PublishJobQueue.Handlers.TreePublishHandler, Sitecore.Framework.Publishing</Type>
          <As>Sitecore.Framework.Publishing.PublishJobQueue.IPublishJobHandler, Sitecore.Framework.Publishing.Service.Abstractions</As>
        </TreePublishHandler>

        <!--
          PROMOTERS
          
          Promoters handle the transition of data from a source to a target.
          Specialised promoters are provided to isolate logic for specific promotion requirements.
        -->
        <ItemCloneManifestPromoter>
          <Type>Sitecore.Framework.Publishing.DataPromotion.DefaultItemCloneManifestPromoter, Sitecore.Framework.Publishing</Type>
          <As>Sitecore.Framework.Publishing.DataPromotion.IItemCloneManifestPromoter, Sitecore.Framework.Publishing.Service.Abstractions</As>
        </ItemCloneManifestPromoter>
        <ItemDescendantsPromoter>
          <Type>Sitecore.Framework.Publishing.DataPromotion.DefaultItemDescendantsPromoter, Sitecore.Framework.Publishing</Type>
          <As>Sitecore.Framework.Publishing.DataPromotion.IItemDescendantsPromoter, Sitecore.Framework.Publishing.Service.Abstractions</As>
        </ItemDescendantsPromoter>
        <ItemManifestPromoter>
          <Type>Sitecore.Framework.Publishing.DataPromotion.DefaultItemManifestPromoter, Sitecore.Framework.Publishing</Type>
          <As>Sitecore.Framework.Publishing.DataPromotion.IItemManifestPromoter, Sitecore.Framework.Publishing.Service.Abstractions</As>
        </ItemManifestPromoter>
        <MediaManifestPromoter>
          <Type>Sitecore.Framework.Publishing.DataPromotion.DefaultMediaManifestPromoter`1[[Sitecore.Framework.Publishing.Data.AdoNet.IDatabaseConnection, Sitecore.Framework.Publishing.Service.Abstractions]], Sitecore.Framework.Publishing</Type>
          <As>Sitecore.Framework.Publishing.DataPromotion.IMediaManifestPromoter, Sitecore.Framework.Publishing.Service.Abstractions</As>
          <Options>
            <BatchSize>150</BatchSize>
          </Options>
        </MediaManifestPromoter>

        <!--
          SERVICES
          
          Services provide logic to Controllers which are the entry point for requests to the application
        -->
        <ManifestService>
          <Type>Sitecore.Framework.Publishing.Manifest.ManifestService, Sitecore.Framework.Publishing</Type>
          <As>Sitecore.Framework.Publishing.Manifest.IManifestService, Sitecore.Framework.Publishing.Abstractions</As>
        </ManifestService>
        <PublisherOperationService>
          <Type>Sitecore.Framework.Publishing.PublisherOperations.PublisherOperationService, Sitecore.Framework.Publishing</Type>
          <As>Sitecore.Framework.Publishing.PublisherOperations.IPublisherOperationService, Sitecore.Framework.Publishing.Abstractions</As>
        </PublisherOperationService>
        <PublishJobQueueService>
          <Type>Sitecore.Framework.Publishing.PublishJobQueue.PublishJobQueueService, Sitecore.Framework.Publishing</Type>
          <As>Sitecore.Framework.Publishing.PublishJobQueue.IPublishJobQueueService, Sitecore.Framework.Publishing.Abstractions</As>
        </PublishJobQueueService>
        <MaintenanceService>
          <Type>Sitecore.Framework.Publishing.Maintenance.MaintenanceService, Sitecore.Framework.Publishing</Type>
          <As>Sitecore.Framework.Publishing.Maintenance.IMaintenanceService, Sitecore.Framework.Publishing.Abstractions</As>
        </MaintenanceService>

        <!-- Entry point for promotion logic -->
        <PromotionCoordinator>
          <Type>Sitecore.Framework.Publishing.DataPromotion.DefaultPromotionCoordinator, Sitecore.Framework.Publishing</Type>
          <As>Sitecore.Framework.Publishing.DataPromotion.IPromotionCoordinator, Sitecore.Framework.Publishing.Service.Abstractions</As>
        </PromotionCoordinator>

        <!-- STORES
            
             Provides data stores for the application 
        -->
        <StoreFactory>
          <As>Sitecore.Framework.Publishing.Data.IStoreFactory, Sitecore.Framework.Publishing.Service.Abstractions</As>
          <Type>Sitecore.Framework.Publishing.Data.DefaultStoreFactory, Sitecore.Framework.Publishing.Data</Type>
        </StoreFactory>

        <DefaultConnectionFactory>
          <As>Sitecore.Framework.Publishing.Data.IConnectionFactory, Sitecore.Framework.Publishing.Service.Abstractions</As>
          <Type>Sitecore.Framework.Publishing.Data.DefaultConnectionFactory, Sitecore.Framework.Publishing.Data</Type>
        </DefaultConnectionFactory>

        <StoreFeaturesCollectionFactory>
          <As>Sitecore.Framework.Publishing.Data.IStoreFeatureCollectionFactory, Sitecore.Framework.Publishing.Service.Abstractions</As>
          <Type>Sitecore.Framework.Publishing.Data.StoreFeatureCollectionFactory, Sitecore.Framework.Publishing.Data</Type>
        </StoreFeaturesCollectionFactory>

        <StoreFeaturesFactory>
          <As>Sitecore.Framework.Publishing.Data.IStoreFeaturesFactory, Sitecore.Framework.Publishing.Service.Abstractions</As>
          <Type>Sitecore.Framework.Publishing.Data.DefaultStoreFeaturesFactory, Sitecore.Framework.Publishing.Data</Type>
          <LifeTime>Transient</LifeTime>
        </StoreFeaturesFactory>

        <StoreFeaturesLists>
          <As>Sitecore.Framework.Publishing.Data.IStoreFeaturesLists, Sitecore.Framework.Publishing.Service.Abstractions</As>
          <Type>Sitecore.Framework.Publishing.Data.DefaultStoreFeaturesLists, Sitecore.Framework.Publishing.Data</Type>
        </StoreFeaturesLists>

        <!-- ADO.NET DB CONNECTIONS -->

        <!-- The factory that provides connection behaviours to enable, for example, transient fault handling for SQL Azure. -->
        <DbConnectionBehaviours>
          <As>Sitecore.Framework.Publishing.Data.AdoNet.IDbConnectionBehaviourFactory, Sitecore.Framework.Publishing.Service.Abstractions</As>
          <Type>Sitecore.Framework.Publishing.Data.AdoNet.DefaultDbConnectionBehaviourFactory, Sitecore.Framework.Publishing.Data</Type>
        </DbConnectionBehaviours>

        <!-- The transient error detection strategy implementation for SQL Azure. -->
        <DefaultAzureTransientErrorDetection>
          <Type>Microsoft.Practices.EnterpriseLibrary.TransientFaultHandling.SqlDatabaseTransientErrorDetectionStrategy, Microsoft.Practices.EnterpriseLibrary.TransientFaultHandling.Data</Type>
        </DefaultAzureTransientErrorDetection>

        <!-- LOCATORS -->

        <!-- Maps URI schemes to DataLocators -->
        <LocatorFactory>
          <As>Sitecore.Framework.Publishing.Locators.ILocatorFactory, Sitecore.Framework.Publishing.Abstractions</As>
          <Type>Sitecore.Framework.Publishing.Locators.LocatorFactory, Sitecore.Framework.Publishing.Abstractions</Type>
        </LocatorFactory>

        <ItemVariantLocatorResolver>
          <As>Sitecore.Framework.Publishing.Locators.ILocatorResolver, Sitecore.Framework.Publishing.Abstractions</As>
          <Type>Sitecore.Framework.Publishing.Locators.ItemVariantLocatorResolver, Sitecore.Framework.Publishing.Abstractions</Type>
        </ItemVariantLocatorResolver>

        <ItemLocatorResolver>
          <As>Sitecore.Framework.Publishing.Locators.ILocatorResolver, Sitecore.Framework.Publishing.Abstractions</As>
          <Type>Sitecore.Framework.Publishing.Locators.ItemLocatorResolver, Sitecore.Framework.Publishing.Abstractions</Type>
        </ItemLocatorResolver>

        <MediaLocatorResolver>
          <As>Sitecore.Framework.Publishing.Locators.ILocatorResolver, Sitecore.Framework.Publishing.Abstractions</As>
          <Type>Sitecore.Framework.Publishing.Locators.MediaLocatorResolver, Sitecore.Framework.Publishing.Abstractions</Type>
        </MediaLocatorResolver>

        <!-- PUBLISH JOBS -->

        <!-- Writes events to the Sitecore Event Queue -->
        <PublishJobEventQueueWriter>
          <As>Sitecore.Framework.Publishing.Configuration.IStartable, Sitecore.Framework.Publishing.Configuration</As>
          <Type>Sitecore.Framework.Publishing.EventQueue.PublishJobEventQueueWriter, Sitecore.Framework.Publishing</Type>
        </PublishJobEventQueueWriter>

        <!-- Subscribes to the publish job queue events to trigger publish jobs -->
        <PublishJobSubscriber>
          <As>Sitecore.Framework.Publishing.Configuration.IStartable, Sitecore.Framework.Publishing.Configuration</As>
          <Type>Sitecore.Framework.Publishing.PublishJobQueue.ManifestSubscriber, Sitecore.Framework.Publishing</Type>
        </PublishJobSubscriber>

        <!-- Open type to resolve instances of repositories -->
        <RepositoryFactory>
          <As>Sitecore.Framework.Publishing.Repository.IRepositoryFactory`1, Sitecore.Framework.Publishing.Service.Abstractions</As>
          <Type>Sitecore.Framework.Publishing.Data.Repository.DefaultRepositoryFactory`1, Sitecore.Framework.Publishing.Data</Type>
        </RepositoryFactory>

        <!-- Fetches required fields for publishing -->
        <RequiredPublishFieldsResolver>
          <As>Sitecore.Framework.Publishing.IRequiredPublishFieldsResolver, Sitecore.Framework.Publishing.Service.Abstractions</As>
          <Type>Sitecore.Framework.Publishing.RequiredPublishFieldsResolver, Sitecore.Framework.Publishing</Type>
        </RequiredPublishFieldsResolver>

        <!-- Fetches required fields for reporting to publish end pipeline -->
        <ReportPublishFieldsResolver>
          <As>Sitecore.Framework.Publishing.IReportPublishFieldsResolver, Sitecore.Framework.Publishing.Service.Abstractions</As>
          <Type>Sitecore.Framework.Publishing.ReportPublishFieldsResolver, Sitecore.Framework.Publishing</Type>
        </ReportPublishFieldsResolver>

        <!-- Manages installation/updating of schemas during startup -->
        <SchemaInstaller>
          <As>Sitecore.Framework.Publishing.Data.ISchemaInstaller, Sitecore.Framework.Publishing.Service.Abstractions</As>
          <Type>Sitecore.Framework.Publishing.Data.SchemaInstaller, Sitecore.Framework.Publishing.Data</Type>
        </SchemaInstaller>

        <!-- Manages where the schema information is stored -->
        <SchemaTracker>
          <As>Sitecore.Framework.Publishing.Data.ISchemaTracker, Sitecore.Framework.Publishing.Service.Abstractions</As>
          <Type>Sitecore.Framework.Publishing.Data.SqlSchemaTracker, Sitecore.Framework.Publishing.Data</Type>
        </SchemaTracker>

        <RevisionDiagnostics>
          <As>Sitecore.Framework.Publishing.Data.IRevisionDiagnostics, Sitecore.Framework.Publishing.Service.Abstractions</As>
          <Type>Sitecore.Framework.Publishing.Data.RevisionDiagnostics, Sitecore.Framework.Publishing.Data</Type>
        </RevisionDiagnostics>

        <RevisionIdTracker>
          <As>Sitecore.Framework.Publishing.Data.IRevisionIdTracker, Sitecore.Framework.Publishing.Service.Abstractions</As>
          <Type>Sitecore.Framework.Publishing.Data.SqlRevisionIdTracker, Sitecore.Framework.Publishing.Data</Type>
        </RevisionIdTracker>

        <!-- Manages scheduled tasks for the service -->
        <Scheduler>
          <Type>Sitecore.Framework.Scheduling.DefaultTaskScheduler, Sitecore.Framework.Scheduling</Type>
          <As>Sitecore.Framework.Scheduling.ITaskScheduler, Sitecore.Framework.Scheduling.Abstractions</As>
        </Scheduler>

        <!-- 
          INSTANCE ACTIVATION
          
          To support high-availability scenarios, where multiple instances of the Service can be running, connecting to the same database,
          each service instance has the concept of being active or inactive.  Only one instance can be active at the same time.  When an instance
          is inactive, then the Task Scheduler is disabled so no jobs can run, and must be re-enabled when the instance becomes active.
          
          By default, high availability mode is not enabled, so the service instance will always be active.
        -->

        <!-- Manages the instance activation process, and exposes 'activation' events to the system. -->
        <InstanceActivationMonitor>
          <Type>Sitecore.Framework.Publishing.InstanceActivation.InstanceActivationMonitor, Sitecore.Framework.Publishing</Type>
          <As>Sitecore.Framework.Publishing.InstanceActivation.IInstanceActivationMonitor, Sitecore.Framework.Publishing.Service.Abstractions</As>
        </InstanceActivationMonitor>

        <!-- The implementation of how an instance trys to become the active instance, and maintains that 'activation lock' once it has acquired it. 
             This is the non-high-availability strategy, that ensures the service instance is always active.
        -->
        <InstanceActivationStrategy>
          <Type>Sitecore.Framework.Publishing.InstanceActivation.MultiInstanceActivationStrategy, Sitecore.Framework.Publishing</Type>
          <As>Sitecore.Framework.Publishing.InstanceActivation.IInstanceActivationStrategy, Sitecore.Framework.Publishing.Service.Abstractions</As>
        </InstanceActivationStrategy>

        <!-- Controls the Task Scheduler when the instance becomes active & inactive. -->
        <TaskSchedulerActivator>
          <Type>Sitecore.Framework.Publishing.InstanceActivation.TaskSchedulerActivator, Sitecore.Framework.Publishing</Type>
          <As>Sitecore.Framework.Publishing.InstanceActivation.ITaskSchedulerActivator, Sitecore.Framework.Publishing.Service.Abstractions</As>
        </TaskSchedulerActivator>

        <!-- Holds information about the publishing service such as the Instance Name-->
        <SerivceInformation>
          <Type>Sitecore.Framework.Publishing.ServiceInformation, Sitecore.Framework.Publishing</Type>
          <As>Sitecore.Framework.Publishing.IServiceInformation, Sitecore.Framework.Publishing.Abstractions</As>
          <Options>
            <InstanceName>${Sitecore:Publishing:InstanceName}</InstanceName>
          </Options>
        </SerivceInformation>


        <!-- Handles comparing ItemVariantIdentiers -->
        <IItemVariantIdentifierComparer>
          <Type>Sitecore.Framework.Publishing.Item.IItemVariantIdentifierComparer, Sitecore.Framework.Publishing.Abstractions</Type>
          <As>System.Collections.Generic.IEqualityComparer`1[[Sitecore.Framework.Publishing.Item.IItemVariantIdentifier,Sitecore.Framework.Publishing.Abstractions]], mscorlib</As>
        </IItemVariantIdentifierComparer>

        <!-- PUBLISH CONTEXT -->
        <PublishContextAccessor>
          <Type>Sitecore.Framework.Publishing.PublishContextAccessor, Sitecore.Framework.Publishing</Type>
          <As>Sitecore.Framework.Publishing.IPublishContextAccessor, Sitecore.Framework.Publishing.Service.Abstractions</As>
        </PublishContextAccessor>
        <PublishContextFactory>
          <Type>Sitecore.Framework.Publishing.PublishContextFactory, Sitecore.Framework.Publishing</Type>
          <As>Sitecore.Framework.Publishing.IPublishContextFactory, Sitecore.Framework.Publishing.Service.Abstractions</As>
        </PublishContextFactory>

        <!-- Creats the source index object-->
        <SourceIndexStrategyFactory>
          <Type>Sitecore.Framework.Publishing.ItemIndex.SourceIndexStrategyFactory, Sitecore.Framework.Publishing</Type>
          <As>Sitecore.Framework.Publishing.ItemIndex.ISourceIndexStrategyFactory, Sitecore.Framework.Publishing.Service.Abstractions</As>
        </SourceIndexStrategyFactory>
        <TargetIndexStrategyFactory>
          <Type>Sitecore.Framework.Publishing.ItemIndex.TargetIndexStrategyFactory, Sitecore.Framework.Publishing</Type>
          <As>Sitecore.Framework.Publishing.ItemIndex.ITargetIndexStrategyFactory, Sitecore.Framework.Publishing.Service.Abstractions</As>
        </TargetIndexStrategyFactory>

        <DefaultTargetPublishStrategyBehaviour>
          <Type>Sitecore.Framework.Publishing.ItemIndex.DefaultTargetIndexPublishStrategyBehaviour, Sitecore.Framework.Publishing</Type>
          <As>Sitecore.Framework.Publishing.ItemIndex.ITargetIndexStrategyBehaviour, Sitecore.Framework.Publishing.Service.Abstractions</As>
          <Options>
            <CallsCountThreshold>4000</CallsCountThreshold>
            <!--Time in ms-->
            <TotalTimeThreshold>8000</TotalTimeThreshold>
          </Options>
        </DefaultTargetPublishStrategyBehaviour>
        <TargetRepublishStrategyBehaviour>
          <Type>Sitecore.Framework.Publishing.ItemIndex.TargetIndexRepublishStrategyBehaviour, Sitecore.Framework.Publishing</Type>
          <As>Sitecore.Framework.Publishing.ItemIndex.ITargetIndexStrategyBehaviour, Sitecore.Framework.Publishing.Service.Abstractions</As>
        </TargetRepublishStrategyBehaviour>

        <DefaultSourcePublishStrategyBehaviour>
          <Type>Sitecore.Framework.Publishing.ItemIndex.DefaultSourceIndexPublishStrategyBehaviour, Sitecore.Framework.Publishing</Type>
          <As>Sitecore.Framework.Publishing.ItemIndex.ISourceIndexStrategyBehaviour, Sitecore.Framework.Publishing.Service.Abstractions</As>
          <Options>
            <CallsCountThreshold>10</CallsCountThreshold>
            <!--Time in ms-->
            <TotalTimeThreshold>100</TotalTimeThreshold>
          </Options>
        </DefaultSourcePublishStrategyBehaviour>
        <SourceRepublishStrategyBehaviour>
          <Type>Sitecore.Framework.Publishing.ItemIndex.SourceIndexRepublishStrategyBehaviour, Sitecore.Framework.Publishing</Type>
          <As>Sitecore.Framework.Publishing.ItemIndex.ISourceIndexStrategyBehaviour, Sitecore.Framework.Publishing.Service.Abstractions</As>
        </SourceRepublishStrategyBehaviour>
        <!-- 
        
          Retryers
          -->

        <Retryers>
          <Type>Sitecore.Framework.TransientFaultHandling.RetryerRegistry, Sitecore.Framework.TransientFaultHandling</Type>
          <As>Sitecore.Framework.TransientFaultHandling.IRetryerRegistry, Sitecore.Framework.TransientFaultHandling.Abstractions</As>
          <Options>
            <Retryers>
              <NoRetryer>
                <Type>Sitecore.Framework.TransientFaultHandling.NoRetryerFactory, Sitecore.Framework.TransientFaultHandling.Abstractions</Type>
              </NoRetryer>
              <DefaultExponentialRetry>
                <Type>Sitecore.Framework.TransientFaultHandling.Sql.DefaultSqlPolicyRetryerFactory, Sitecore.Framework.TransientFaultHandling.Sql</Type>
                <Options>
                  <ExponentialRetry>
                    <MaxAttempts>5</MaxAttempts>
                    <MinBackoff>00:00:01</MinBackoff>
                    <MaxBackoff>00:01:00</MaxBackoff>
                    <DeltaBackoff>00:00:02</DeltaBackoff>
                  </ExponentialRetry>
                </Options>
              </DefaultExponentialRetry>
              <DefaultFixedIntervalRetry>
                <Type>Sitecore.Framework.TransientFaultHandling.Sql.CustomSqlPolicyRetryerFactory, Sitecore.Framework.TransientFaultHandling.Sql</Type>
                <Options>
                  <CustomRetryIntervals>
                    <retry1>00:00:01</retry1>
                    <retry2>00:00:05</retry2>
                    <retry3>00:00:10</retry3>
                  </CustomRetryIntervals>
                </Options>
              </DefaultFixedIntervalRetry>
            </Retryers>
          </Options>
        </Retryers>
      </Services>
    </Publishing>
  </Sitecore>
</Settings>