<?xml version="1.0"?>
<doc>
    <assembly>
        <name>Sitecore.Framework.Publishing.Service.Http</name>
    </assembly>
    <members>
        <member name="M:Sitecore.Framework.Publishing.Service.Http.Controllers.PublishJobQueueController.EnqueueJob(Sitecore.Framework.Publishing.PublishJobQueue.PublishOptions)">
            <summary>
            Queues a new publishing job
            </summary>
            <param name="message">The <see cref="T:Sitecore.Framework.Publishing.PublishJobQueue.PublishOptions"/> payload.</param>
            <returns>The <see cref="T:System.Guid"/> of the queued job.</returns>
        </member>
    </members>
</doc>
