<?xml version="1.0"?>
<doc>
    <assembly>
        <name>Sitecore.Framework.Publishing.Data</name>
    </assembly>
    <members>
        <member name="M:Sitecore.Framework.Publishing.Data.Workflow.PreviewPublishableWorkflowState.#ctor(System.Guid,System.Guid[])">
            <summary>
            Creates a workflow state object for a preview state.
            </summary>
            <param name="stateId">The Id of the workflow state.</param>
            <param name="previewTargets">The targets for which this state signifies that publishing is allowed</param>
        </member>
        <member name="M:Sitecore.Framework.Publishing.Data.Workflow.PreviewPublishableWorkflowState.IsPublishableFor(System.Guid)">
            <summary>
            Does this workflow state specify that a target is allowed to be published to.
            </summary>
            <param name="targetId">The target for which the publishability is being evaluated.</param>
            <returns>True if the specified target can be published, false other wise.</returns>
        </member>
    </members>
</doc>
