﻿<Settings>
  <Sitecore>
    <Publishing>
      <Logging>

        <!--  
       
          LOGGING 
         
          The MS Extensions Logging framework is used throughout the system to emit log messages (https://github.com/aspnet/Logging).
          
          Serilog is the default logging provider configured in the Host.  This comes with a large number of sinks that can 
          be configured for many use cases (https://github.com/serilog/serilog).  By default, a single file sink is configured.
          
        -->
        
        <!-- 
          
          Each component that emits log messages in the system, by convention, does this via a logger object named with the fully
          qualified class name of the owning component.
          
          The Filters section below, sets the minimum logging level for all loggers that have a name with a matching prefix.
          
          For example, <Sitecore>Information</Sitecore> specifies only log messages at the
          Information level or above, will be emitted by loggers created in the Sitecore namespace.
          
          To enable logging at other levels throughout the system, add additonal entries
          e.g. <Sitecore.Framework.Publishing.DataPromotion>Debug</Sitecore.Framework.Publishing.DataPromotion> 
          
          If no matched filter is found the 'Default' log level filter is used.
        
          -->
        <Filters>
          <Sitecore>Information</Sitecore>
          <Default>Warning</Default>
          <Microsoft>Warning</Microsoft>
        </Filters>

        <!-- 
          The bespoke Serilog configuration, specifying the sinks to be used. 
          See https://github.com/serilog/serilog-settings-configuration for more information.
        -->
        <Serilog>
          <WriteTo>
            
            <DefaultLogger>
              <Name>RollingFile</Name>
              <Args>
                <pathFormat>logs\Publishing-{Date}.log</pathFormat>
              </Args>
            </DefaultLogger>
            
          </WriteTo>
        </Serilog>

      </Logging>
      </Publishing>
  </Sitecore>
</Settings>
