﻿<Settings>
  <Sitecore>
    <Publishing>
      <Services>

        <!--
            SQL AZURE TRANSIENT ERROR RESILIANCY
  
            Microsoft recommends being tolerant of transient errors when opening and executing commands against SQL Azure databases.  The below configuration
            defines Connection Behaviours that implement this recommendation, using components from the MS developed 'Transient Fault Handling Block'.
  
            The following configuration only defines the behaviours, they must still be configured for the relevant connections.  See the accompanying
            'sc.publishing.sqlazure.connections.xml.example' for guidance on how to configure the connections to use this behaviour.
  
            Turn on Debug logging in the 'Sitecore.Framework.Publishing.Data.AdoNet' namespace to see which behaviours are being used for each connection.
  
        -->
        <DbConnectionBehaviours>
          <Options>
            <Entries>

              <!--
                  SQL AZURE BACKEND CONNECTIONS
                  
                  (https://github.com/Azure/azure-content/blob/master/articles/best-practices-retry-service-specific.md#sql-database-using-ado-net-retry-guidelines)
                
                  Yields a connection behaviour that will retry opening a connection and executing a command, when a failure code that indicates a Sql Azure instance failure has occured, with an exponentially
                  increasing delay between each failure.  The parameter values below are in line with Microsoft's recommendations.
                
                  Retries are only attempted if an error occurs that is indicative of a transient error on a SQL Azure deployment.
                  The delay between each retry increases exponentially after each subsequent failed request.  The settings defined below are the
                  defaults as recommended by Microsoft for SQL Azure.  The duration between each subsequent retry when a transient
                  fault is continually detected, increases exponentially untill a maximum count or duration.
                
                  Microsoft's Transient Fault Handling Application Block is used to perform the retrying, and to correctly identify a failure as being
                  a transient failure.
                
                  See http://topaz.codeplex.com/ for more information.
                  
                  Name                : Used for any logging messages
                  CommandTimeout      : The command timeout can be optionally customized
                  RetryCount          : The maximum number of retries (for opening a connection or executing a command) that will be attempted if a transient error is detected.
                  Retryer             : The name of the retryer to use for the connection if a transient fault is detected.

                -->
              <sql-backend-azure>
                  <Type>Sitecore.Framework.Publishing.Data.AdoNet.ConnectionRetryBehaviour, Sitecore.Framework.Publishing.Data</Type>
                <Options>
                  <Name>SQL Azure Backend Exponential Backoff</Name>
                  <CommandTimeout>120</CommandTimeout>
                  <Retryer>DefaultExponentialRetry</Retryer>
                </Options>
              </sql-backend-azure>

              <!--
                  SQL AZURE API CONNECTIONS
                  
                  (https://github.com/Azure/azure-content/blob/master/articles/best-practices-retry-service-specific.md#sql-database-using-ado-net-retry-guidelines)
                  
                  Yields a connection behaviour that will retry opening a connection and executing a command, when a failure code that indicates a Sql Azure instance failure has occured, with an fixed
                  delay between each failure.  The parameter values below are in line with Microsoft's recommendations.
                
                  Retries are only attempted if an error occurs that is indicative of a transient error on a SQL Azure deployment.
                  
                  Microsoft's Transient Fault Handling Application Block is used to perform the retrying, and to correctly identify a failure as being
                  a transient failure.
                
                  See http://topaz.codeplex.com/ for more information.
                  
                  Name                 : Used for any logging messages
                  CommandTimout        : The command timeout can be optionally customized
                  Retryer              : The name of the retryer to use for the connection if a transient fault is detected.

              -->
              <sql-api-azure>
                <Type>Sitecore.Framework.Publishing.Data.AdoNet.ConnectionRetryBehaviour, Sitecore.Framework.Publishing.Data</Type>
                <Options>
                  <Name>SQL Azure API Fixed Backoff</Name>
                  <CommandTimeout>10</CommandTimeout>
                  <Retryer>DefaultFixedIntervalRetry</Retryer>
                </Options>
              </sql-api-azure>
            
            </Entries>
          </Options>
        </DbConnectionBehaviours>

      </Services>
    </Publishing>
  </Sitecore>
</Settings>
