<Settings>
    <Sitecore>
        <Publishing>
            <Logging>

                <!--  Allow messages at the Debug level or above to be emmited by all Sitecore components. -->
                <Filters>
                    <Sitecore>Debug</Sitecore>
                    <!-- Enable this filter to log extra information about the publish. -->
                    <!-- Level : Debug = Show which items were skipped due to item or variant level restrictions. -->
                    <!-- Level : Trace = Show full output of the manifest as it is calculated. (Warning : Will print a line for each item/language/version combination.) -->
                    <!-- <Sitecore.Framework.Publishing.DiagnosticLogger>Debug</Sitecore.Framework.Publishing.DiagnosticLogger> -->
                </Filters>

                <!-- Add a console logger -->
                <Serilog>
                    <WriteTo>
                        <DevLogger>
                            <Name>Console</Name>
                        </DevLogger>
                    </WriteTo>
                </Serilog>
            </Logging>
        </Publishing>
    </Sitecore>
</Settings>